{
  "winner": "ml",
  "p_value": 4.908026040336486e-45,
  "cohens_d": 3.1546227227531434,
  "ml_mean_f1": 0.35335660973610483,
  "dl_mean_f1": 0.32838933788746966,
  "ml_ci_low": 0.3520353544745395,
  "ml_ci_high": 0.3546778649976702,
  "dl_ci_low": 0.32639034231324604,
  "dl_ci_high": 0.3303883334616933,
  "ml_mean_fatal_recall": 0.3833971088435374,
  "dl_mean_fatal_recall": 0.4663690476190476,
  "gates_passed": false
}