{
  "beta_max": 0.15304852121831464,
  "latent_dim": 16,
  "warmup_epochs": 29,
  "lr": 0.0009239150319627245,
  "dropout_p": 0.2520993370291153,
  "target_fatal_ratio": 0.15,
  "fatal_threshold": 0.04196688227206019,
  "focal_loss_gamma": 2.728296095500716,
  "val_fitness": 0.5515799316232615,
  "n_trials": 30,
  "winner": "dl",
  "recall_gate": 0.5
}