{
  "beta_max": 0.17577012339291243,
  "latent_dim": 16,
  "warmup_epochs": 29,
  "lr": 0.0007044550797720336,
  "dropout_p": 0.2154425536543242,
  "target_fatal_ratio": 0.1,
  "val_fitness": 0.3496883427438502,
  "n_trials": 30,
  "winner": "ml",
  "recall_gate": 0.35
}