{
  "beta_max": 0.15930522616241014,
  "latent_dim": 32,
  "warmup_epochs": 10,
  "lr": 0.0001519934830130982,
  "dropout_p": 0.09585112746335846,
  "val_fitness": 0.36228373780174716,
  "n_trials": 30,
  "winner": "ml"
}